video_id,title,channel,published_at,category_id,views,likes,comments
ex55eyU2Y1s,Khesari Lal Yadav New Song | Suit Lalka | Ft Akanksha Puri | Goldi Yadav | New Bhojpuri Song 2026,IVY Bhojpuri Dhamaka,2026-07-15T01:30:22Z,10,600677,60128,9471
8JntxQgaAw4,Korean Kanakaraju Teaser | Varun Tej | Merlapaka Gandhi | Thaman S | Satya | Ritika Nayak,UV Creations,2026-07-13T10:35:02Z,24,1506041,58933,1083
hMs8HKJsd0o,"15 July, 2026 | France vs Spain | FIFA World Cup 26 | Semi Finals | Football | FC26 Gameplay",Foot player 26,2026-07-14T19:00:36Z,20,930677,5277,43
SmAWV0UGtA8,Nas Nas Kyu Dukhe पिया मेरी नस नस के हो दुखे || Anjali Raghav & Karan Chaudhary !! Brajbhasha Song,Jaizeey Music,2026-07-14T02:45:08Z,10,644334,1822,27
b8jZdpIzG4k,ISHQNAMA (Trailer) Jai Randhhawa | Shehnaaz Gill | Arvvindr S Khaira | In Cinemas on 24th July,SRF,2026-07-14T13:30:08Z,24,617197,24145,3104
9LIHFwBpzlc,GTA 5 LIVE #gta5 #gtav #gaming,Hear Is Live,2026-07-15T03:40:26Z,20,1332835,4061,0
qhoczFmqo6I,#4kVideo - महीने महीने मर्डरवा करियों | #Aashish Yadav & #Khushi Kakkar | New #Rangdari Song 2026,Swastik Records,2026-07-15T01:01:24Z,10,254807,19259,1026
Al27vU3gdXA,TOXIC – Final Trailer (2026) | Yash | A Fairytale For Grown-Ups | 4K,"T TRAILER   •  12M  Views • 5 hours ago 




.....",2026-07-15T09:30:22Z,1,58958,662,18
AFJrFYvytA8,I Cheated with AI Auto Builder in House Build Battle..,Carry Depie,2026-07-15T10:15:34Z,20,571601,9866,855
hV2SyMHtpvQ,"#Video - करें भोला जी के दान | #Aashish Yadav, #Khushi Kakkar का पहला #बोलबम गीत | #Bolbam Song 2026",Aashish Yadav Entertainment,2026-07-13T01:00:18Z,10,962493,45408,3073
Lx9vuPJs9Ww,Train - Official Teaser | Vijay Sethupathi | Mysskin | Shruti Haasan | Kalaippuli S Thanu,Saregama Tamil,2026-07-12T13:00:28Z,24,2830643,63700,1761
bCnFBr7bm10,🔴 GTA 5 LIVE – DON’T BLINK! SECRET MOD ACTIVATED 🤯 #gtalive #gtaonline,Pixel Hunters,2026-07-15T14:21:19Z,20,5002153,18393,2
undhkaMMenU,"Sambavakaari Video Song | Gatta Kusthi 2 | Vishnu Vishal, Aishwarya Lekshmi | Sean Roldan",Sony Music South,2026-07-12T10:30:35Z,10,2420877,32467,398
bQQQz56S8Vc,Thalapathy Vijay Jana Nayagan + Hera Pheri 3 Twist + Toxic New Trailer | Deeksha Sharma,Filmi Indian,2026-07-15T06:17:14Z,24,207212,7595,211
GHuh6B7J9M8,"PUBGM SURVIVOR'S RUMBLE PHASE 1 DAY 3 - FT. KONG CREW 🦧, TEAM DSG 💛, HORAA and many more...",313xSAAD ETC,2026-07-15T15:30:43Z,20,536512,11394,0
5MZBCOYLYps,"#Video | Licence | Raushan Rohi , Srishti Bharti | Ft. Neha Pathak | Maghi Rangdari Song 2026",Mahadeva Records,2026-07-13T00:44:48Z,10,829592,40027,2285
CY603P-PeQQ,"Musafir Cafe | Official Trailer | Vikrant Massey, Vedika Pinto, Mahima Makwana | Netflix India",Netflix India,2026-07-14T12:30:00Z,24,4783186,13348,523
9DczhPGw2r0,"राम जी रहम करि (4K) #Mani Meraj, #Chand Jee, #Shilpi Raj | Ram Ji Raham Kari | New #Bhojpuri Song",Wave Music,2026-07-13T01:30:29Z,10,1003970,26873,1658
4NrHIWfX3n8,"Mister Middle Class Telugu Movie Trailer | Srikanth, Laya, Rajendra Prasad, Sunil, Ali | Mango Music",Mango Music,2026-07-13T13:17:24Z,10,616453,11589,590
6I_2NQPPKAA,GTA : 5 - World Highest | 😫😱😲 TRIED THE IMPOSSIBLE PARKOUR SUPER MEGA RAMP CHALLENGE | INDIAN All DJ,Sonu GTA6 DJ,2026-07-15T01:30:25Z,24,177538,346,12
-Lzmq6rm23c,Faisley (Official Video ) R Nait | Darsh Dhaliwal | Gaiphy | New Punjabi Songs 2026,R Nait,2026-07-15T04:30:01Z,10,305423,8252,497
qORTe1wW3Wg,DIGGER | Official Trailer,Warner Bros.,2026-07-13T13:00:30Z,1,3507898,94452,7548
b8Pa-vsHSCE,BIRTH to ELEMENTAL in Minecraft!,Karry Kraft,2026-07-15T12:31:33Z,20,314578,6034,275
U2o8v9uuRXE,रे बनरा तोर गड़िये लाल | Ansh Babu | A Banara Tor Goriya Lal | Re Banra Tor Gadiye Lal | Funny Song,BFTS Music,2026-07-13T12:49:00Z,10,373217,2068,21
kKIqF2oyj1Q,Srinivasa Mangapuram Official Trailer | Jai Krishna | Rasha Thadani | Mohan Babu | Ajay Bhupathi,Vyjayanthi Network,2026-07-12T13:41:00Z,1,1710439,16544,657
C980WAjGkgM,GTA 5 LIVE | Unlimited Fun & Epic Gameplay | Nexora Live |#shortslive  #shortsfeed #gta5 #gtaonline,NexoraLIVE,2026-07-15T13:37:07Z,20,1751785,5456,0
JpEGoLy4cec,ఈ స్తోత్రం వింటేకోరికలు నెరవేరుతాయి | Varahi Sahasranamam Telugu | Aashadam Varahi Navaratri Special,Bhakti Samayam - భక్తి సమయం,2026-07-14T23:00:02Z,10,80861,672,44
9QDfABKdqe0,Adarsh Baal Vidyalaya - Official Trailer | Prime Video India,Prime Video India,2026-07-13T06:30:37Z,24,5931633,26646,1057
dk7LlVvogXE,Railway Chai Wala (Indian Horror Game),Live Insaan,2026-07-15T12:30:13Z,20,410116,27390,3009
LqkTMDP3aUA,#Video | Kamariya Me Dardiya | #Khesari Lal Yadav | Ft. #Sona Dey | #Shilpi Raj | Bhojpuri New Song,Hello Music World,2026-07-07T10:31:54Z,22,797501,3722,33
yicWZa3C-RY,"Korean Kanakaraju Official Teaser | Varun Tej, Lavanya | Satya | Merlapaka Gandhi",Mana Telugu Cult,2026-07-13T11:39:33Z,22,708116,7158,135
px9AwXq2_lA,I ESCAPED GRANNY'S HOTEL | GRANNY 5,Techno Gamerz,2026-07-12T03:30:23Z,20,6323411,221621,18233
v-i8_YB9IzQ,Jaani Tera Naa (Full Video) Sunanda Sharma | Jaani | New Punjabi Songs 2026,Punjab Di Shaan,2026-07-12T13:46:29Z,22,240136,999,7
-kQh-c0pqf8,@SimplySarath - Ring Teaser | Keerthisreemedia | Hita Aran | Surya Perumal | Gana Guna | YC dewin,keerthisree Media ,2026-07-14T13:00:25Z,22,28316,3822,142
wO6eCvz5ygc,HACKER OR WHAT | JONATHAN IS BACK!! | BGMI!,JONATHAN GAMING,2026-07-12T22:04:59Z,20,2746237,199526,582
qPCjT23Ya2s,#Video | बदरिया | #Ankush Raja | Badriya | #पूर्वी गीत | Bhojpuri Purvi Song New,Ankush Raja Official,2026-07-14T00:45:09Z,10,380250,19588,830
DXjJ3_CJ5ws,Sony Spoiled Everything ... Hulk vs Spiderman Trailer Breakdown (தமிழ்),Mokka Commentry,2026-07-14T04:29:08Z,24,102714,6534,156
mHAezeMxv3Q,Chunnari 👀✨ Chunnari ✨💗🥰 | Salman Khan | Sushmita Sen | 90s Hits | Old is Gold ,SHIVAM FF LOFI ,2026-06-16T08:25:59Z,10,482816,0,0
15aaQL3SMAo,New Song 2026 | New Hindi Song | Kareeb | Romantic Songs |  Emotional Songs | New Songs,Vatsal Bhoya,2026-07-14T02:32:03Z,10,557316,3010,68
-sTZBuwn7lA,Maharaja Hostel - Official Trailer | Sajin Cherukayil | Charu Wakan | Akhil NRD,Saregama Malayalam,2026-07-14T11:36:32Z,1,67969,1621,286
IFb0iTuiG8c,Franklin House Stuck in Giant Maze - INDIAN BIKE DRIVING 3D,Reneex,2026-07-14T05:30:11Z,20,266997,931,15
dIofUndn9fQ,Tribute To S. Janaki | Kannada Selected Songs | Shradhanjali | Audio Jukebox | Best of S Janaki Amma,Akash Audio,2026-07-13T13:02:08Z,24,237138,2067,108
KTGA--_Uvk4,Venkataramaiah Gari Taluka Movie Official Trailer || Sateesh Avala || Divija Prabhakar || Mangli,Hash Cinemas,2026-07-14T05:57:44Z,24,244751,1377,28
RXQlTrfqQ3U,BEST outfit versus in Free Fire HISTORY! ,SATVIK,2026-07-15T07:30:21Z,20,597020,24599,2925
WfludDzLFE0,Remembering S Janaki Kannada Hit Songs Audio Jukebox | S Janaki Kannada Old Super Hit Songs,MRT Music - Kannada,2026-07-14T06:34:06Z,10,120257,971,55
mqq29914r-0,Don’t Trouble the Trouble - Teaser (Telugu) | Fahadh Faasil | Ssara | Shashank Yeleti,Arka Mediaworks,2026-07-13T06:35:43Z,1,487307,9021,316
tKBj7E5hu2g,Franklin & Shinchan Ride the Biggest Water Slide Ever 🌊😱 | GTA 5,Mute Gamerz,2026-07-13T05:43:41Z,22,166433,1168,38
Dps9vur6enA,तुना बिन राहू कसा | Tuna Bin Rahu Kasa | Ahirani Song |  Ashok Patil | Shravani More ,Ashok Patil 380,2026-07-13T11:30:11Z,10,226490,14443,687
MqE5ZIU3Ao0,SPIDER-MAN: BRAND NEW DAY (2026) TRAILER | Tom Holland | Marvel Comics | Concept,TeaserCon,2026-07-12T13:08:49Z,1,2119151,31074,472
